"Image","Title","Time","Chef Name","Chef Image","Description","Dietary Requirements"
"https://images.weserv.nl/?url=https://files.mob-cdn.co.uk/recipes/2024/02/Sumac-Chicken-Freekeh.jpg?mtime=1708942888","Sumac Chicken & Freekeh","25 mins","Chloe René","https://images.weserv.nl/?url=https://files.mob-cdn.co.uk/files/IMG_0699.jpg?mtime=1701687498","We've taken inspiration from two great dishes: Palestinian Musakhan and Tabbouleh to create this quick and super flavourful weeknight dish. This recipe isn’t authentic in any way, but the next time you have the chance to try any of the traditional dishes, I would highly recommend.","None"
"https://images.weserv.nl/?url=https://files.mob-cdn.co.uk/recipes/2024/11/Green-Tofu-Udon.jpg?mtime=1734527956","Green Noodles","25 mins","Finn Tonry","https://images.weserv.nl/?url=https://files.mob-cdn.co.uk/recipes/2024/12/Finn-Tonry.jpg?mtime=1734708800","These veggie udon noodles are high in protein and packed full of green goodness. They’re healthy, delicious and incredibly satisfying.","None"
"https://images.weserv.nl/?url=https://files.mob-cdn.co.uk/recipes/2025/1/Batch-Poached-Chicken-Rice.jpg?mtime=1736181911","Poached Chicken, Garlic Rice & Spring Onion Sauce","45 mins","Finn Tonry","https://images.weserv.nl/?url=https://files.mob-cdn.co.uk/recipes/2024/12/Finn-Tonry.jpg?mtime=1734708800","These perfectly juicy chicken breasts are actually super easy to make, served with garlicky rice and an addictive spring onion sauce that makes for a super satisfying (and healthy) dinner.","None"
"https://images.weserv.nl/?url=https://files.mob-cdn.co.uk/recipes/2024/02/Green-Herby-Chicken-and-Rice-Soup.jpg?mtime=1707739174","Green Herby Chicken and Rice Soup","30 mins","Chloe René","https://images.weserv.nl/?url=https://files.mob-cdn.co.uk/files/IMG_0699.jpg?mtime=1701687498","This one is healthy, nourishing, and delicious. Our take on Molokhia, this herby chicken soup will have you feeling rested and rejuvenated. Give it a go.","None"
"https://images.weserv.nl/?url=https://files.mob-cdn.co.uk/recipes/2024/01/Chicken-Sweetcorn-Egg-Drop-Soup.jpg?mtime=1705051701","Chicken & Sweetcorn Egg Drop Soup","35 mins","Romany Henry","https://images.weserv.nl/?url=https://files.mob-cdn.co.uk/files/IMG_0690.jpg?mtime=1701687481","Chicken and sweetcorn soup is an absolute classic. Adding a wispy egg to this chicken and sweetcorn soup recipe gives it a lovely velvety texture. You're going to love it.","None"
"https://images.weserv.nl/?url=https://files.mob-cdn.co.uk/recipes/2023/12/Cod-Tomatoes-With-Baked-Coriander-Rice.jpg?mtime=1703762092","Cod & Tomatoes With Baked Coriander Rice","1 hr","Ben Lippett","https://images.weserv.nl/?url=https://files.mob-cdn.co.uk/files/IMG_0689.jpg?mtime=1701687479","A fresh and flavourful dish that your GP will approve of . There's plenty of veggies and lean protein in this healthy recipe.","None"
"https://images.weserv.nl/?url=https://files.mob-cdn.co.uk/recipes/2024/01/Tuna-Green-Bean-Chopped-Salad-Recipe.jpg?mtime=1704971035","Tuna & Green Bean Chopped Salad","10 mins","Ben Lebus","https://images.weserv.nl/?url=https://files.mob-cdn.co.uk/files/IMG_0694.jpg?mtime=1701687492","A fresh and spicy chopped salad recipe you can assemble in 10 minutes. It’s a healthy, high in protein, and ridiculously easy to make tuna salad.","None"
"https://images.weserv.nl/?url=https://files.mob-cdn.co.uk/recipes/2024/02/Mujadara.jpg?mtime=1707222283","Mujadara","25 mins","Chloe René","https://images.weserv.nl/?url=https://files.mob-cdn.co.uk/files/IMG_0699.jpg?mtime=1701687498","This is a speedy version of the Lebanese dish Mujadara. You really can't go wrong with rice and lentils, which is exactly what this dish is offering. Enjoy.","None"
"https://images.weserv.nl/?url=https://files.mob-cdn.co.uk/recipes/2023/11/Pasta-Shells-Stuffed-With-Tofu-Ricotta.jpg?mtime=1700825041","Pasta Shells Stuffed With Tofu Ricotta","45 mins","Christina Soteriou","https://images.weserv.nl/?url=https://files.mob-cdn.co.uk/files/Christina-Soteriou-Image.jpg?mtime=1704448713","This is my take on a classic stuffed pasta shell bake, using a protein and flavour packed tofu mixture and a herby drizzle to finish it off.","None"
"https://images.weserv.nl/?url=https://files.mob-cdn.co.uk/recipes/2023/11/Tomato-Curry-Egg-Drop-Rice.jpg?mtime=1699262947","Tomato Curry Egg Drop Rice","25 mins","Romany Henry","https://images.weserv.nl/?url=https://files.mob-cdn.co.uk/files/IMG_0690.jpg?mtime=1701687481","When I am home, tired, hungry and need something quick and nourishing I make this. A take on a classic Hong Kong dish, with a little spice and inspired by Lucas Sin’s egg drop method.","None"
"https://images.weserv.nl/?url=https://files.mob-cdn.co.uk/recipes/2023/09/Cod-Milanese-With-Chilli-Orange-Dressing.jpg?mtime=1695717440","Cod Milanese With Chilli & Orange Dressing","35 mins","Ben Lippett","https://images.weserv.nl/?url=https://files.mob-cdn.co.uk/files/IMG_0689.jpg?mtime=1701687479","You've had a veal milanese, you've had a chicken milanese, but have you ever had a cod milanese? This Italian-inspired recipe will be a hit with pescatarians.","None"
"https://images.weserv.nl/?url=https://files.mob-cdn.co.uk/recipes/2024/09/High-Protein-Breakfast-Burritos.jpg?mtime=1725871352","High-Protein Breakfast Burritos","20 mins","Meg Robinson","https://images.weserv.nl/?url=https://files.mob-cdn.co.uk/files/Meg-Robinson.JPG?mtime=1725449637","Filled with crispy potatoes, pork mince, egg and cheese, these high-protein breakfast burritos are super high in protein and will have your tastebuds soaring any time of day!","None"
"https://images.weserv.nl/?url=https://files.mob-cdn.co.uk/recipes/2024/09/220A6065-1.jpg?mtime=1725875191","High-Protein Sesame Pork Rice Bowl","35 mins","Ben Lippett","https://images.weserv.nl/?url=https://files.mob-cdn.co.uk/files/IMG_0689.jpg?mtime=1701687479","This is a high-protein pork dish that you can make on a weeknight in only 35 minutes. It's really that easy.","None"
"https://images.weserv.nl/?url=https://files.mob-cdn.co.uk/recipes/2023/09/High-protein-Chopped-Brocolli-Salad.jpg?mtime=1693573145","High Protein Chopped Broccoli Salad","15 mins","Christina Soteriou","https://images.weserv.nl/?url=https://files.mob-cdn.co.uk/files/Christina-Soteriou-Image.jpg?mtime=1704448713","This crunchy broccoli and quinoa salad is perfect for meal prep as it’s made with sturdy ingredients that will stay crunchy in the fridge","None"
"https://images.weserv.nl/?url=https://files.mob-cdn.co.uk/recipes/2023/08/Easy-Creamy-High-Protein-Chilli-Lemon-Pasta.jpg?mtime=1693490333","Creamy High Protein Chilli & Lemon Pasta","20 mins","Christina Soteriou","https://images.weserv.nl/?url=https://files.mob-cdn.co.uk/files/Christina-Soteriou-Image.jpg?mtime=1704448713","This high protein, high fibre pasta sauce takes no effort to put together but is packed with delicious lemony creaminess. It’s a perfect midweek dinner.","None"
"https://images.weserv.nl/?url=https://files.mob-cdn.co.uk/recipes/2023/01/High-Protein-Cauliflower-Soup-With-Sticky-Onions.jpg?mtime=1693408334","High-Protein Cauliflower Soup With Sticky Onions","1 hr","Christina Soteriou","https://images.weserv.nl/?url=https://files.mob-cdn.co.uk/files/Christina-Soteriou-Image.jpg?mtime=1704448713","This soup packs in some secret protein by swapping out coconut milk for silken tofu. It gives it a delicious creamy texture without an overpowering taste.","None"
"https://images.weserv.nl/?url=https://files.mob-cdn.co.uk/recipes/2024/08/220A0127.png?mtime=1725879092","High-Protein Moroccan Inspired Chickpea Soup","30 mins","Gigi Grassia","https://images.weserv.nl/?url=https://files.mob-cdn.co.uk/files/Gigi-Grassia.jpg?mtime=1724226785","Bursting with warm flavours such as cinnamon, cumin and coriander, and featuring Medjool dates, this Moroccan-inspired chickpea soup delivers on flavour and nutrition. With protein-rich chickpeas, wholewheat giant couscous, vibrant sweet potatoes and tomatoes, every spoonful is a nutritional powerhouse. Perfect for fuelling your active lifestyle, or simply for a comforting, delicious meal.","None"
"https://images.weserv.nl/?url=https://files.mob-cdn.co.uk/recipes/2024/05/Spicy-Chicken-Wraps-With-Mango-Slaw.jpg?mtime=1715335465","Spicy Chicken Wraps With Mango Slaw","35 mins","","","In Partnership With Aldi. #ad

Homemade mango slaw is the perfect sweet and citrusy partner for these spicy chicken wraps. High protein, high flavour.","None"
"https://images.weserv.nl/?url=https://files.mob-cdn.co.uk/recipes/2024/09/220A9905-1.png?mtime=1726226726","High-Protein Mac & Cheese with Garlic & Herb Crumb","25 mins","Meg Robinson","https://images.weserv.nl/?url=https://files.mob-cdn.co.uk/files/Meg-Robinson.JPG?mtime=1725449637","The ultimate comfort food with a twist to make it higher in protein and lower in calories, but still delicious. This high protein mac and cheese is the ultimate beige food lover’s heaven.","None"
"https://images.weserv.nl/?url=https://files.mob-cdn.co.uk/recipes/2024/09/High-Protein-Chocolate-Peanut-Mousse.jpg?mtime=1726732653","High-Protein Chocolate & Peanut Mousse","10 mins","Jodie Nixon","https://images.weserv.nl/?url=https://files.mob-cdn.co.uk/recipes/2023/12/220A8500.jpg?mtime=1702569554","A luxurious chocolate mousse that’s high in protein and ready in just 10 minutes. You’ll be making this post-workout dessert on repeat.","None"
"https://images.weserv.nl/?url=https://files.mob-cdn.co.uk/recipes/2024/08/220A9621.png?mtime=1725880342","Creamy High-Protein Miso Mushroom Soup with Sourdough","30 mins","Gigi Grassia","https://images.weserv.nl/?url=https://files.mob-cdn.co.uk/files/Gigi-Grassia.jpg?mtime=1724226785","This quick and easy recipe brings together the rich, umami flavours of mushrooms and miso with the silky texture of silken tofu. The result is a high-protein, creamy soup that’s perfect for any time of day.","None"
"https://images.weserv.nl/?url=https://files.mob-cdn.co.uk/recipes/2024/09/849A0532-1.jpg?mtime=1726226830","Honey BBQ Cheesy Beef Sliders","35 mins","Meg Robinson","https://images.weserv.nl/?url=https://files.mob-cdn.co.uk/files/Meg-Robinson.JPG?mtime=1725449637","Sweet, sticky, and oh-so satisfying. These high-protein beef sliders are an excellent high-protein dinner.","None"
"https://images.weserv.nl/?url=https://files.mob-cdn.co.uk/recipes/2024/09/Blackened-Cod-with-Herby-Miso-Soba.jpg?mtime=1726484786","Blackened Cod with Herby Miso Soba","2 hr","Jodie Nixon","https://images.weserv.nl/?url=https://files.mob-cdn.co.uk/recipes/2023/12/220A8500.jpg?mtime=1702569554","This herby miso soup with sticky blackened cod is high in protein, quick to make and big in flavour. Perfect when you want a simple and nourishing meal.","None"
"https://images.weserv.nl/?url=https://files.mob-cdn.co.uk/recipes/2025/2/Harissa-Chicken.jpg?mtime=1740137718","Harissa Chicken","30 mins","Ben Lebus","https://images.weserv.nl/?url=https://files.mob-cdn.co.uk/files/IMG_0694.jpg?mtime=1701687492","Harissa Chicken. So simple, yet so good. This dish combines the rich, smoky heat of harissa with tender, juicy chicken to create a flavour-packed meal that you’ll keep coming back to. The beauty of harissa is its versatility—whether you prefer it fiery hot or more on the mild side, you can easily adjust the spice level to suit your taste. Serve it with fluffy couscous, roasted veggies, or a fresh salad for a balanced, satisfying dinner. It's perfect for weeknights when you want something quick but flavorful, and it’s bound to become a go-to in your recipe rotation.","None"
"https://images.weserv.nl/?url=https://files.mob-cdn.co.uk/recipes/Z49A3555.jpg?mtime=1593784177","Crispy Smoked Tofu Recipe","30 mins","Ben Lebus","https://images.weserv.nl/?url=https://files.mob-cdn.co.uk/files/IMG_0694.jpg?mtime=1701687492","The peanutty sauce in this dish is an absolute 10/10, making it a standout recipe. Rich, creamy, and full of flavour, it's the perfect complement to the crispy smoked tofu, adding depth and a nutty sweetness to every bite. The tofu, with its smoky undertones and crispy texture, pairs beautifully with the sauce, creating a balance of flavours and textures that’s hard to resist. The sauce has just the right amount of savoury goodness with a hint of sweetness and spice, making it a versatile addition to any dish. Drizzling it generously over the tofu brings everything together, turning simple ingredients into a meal that feels indulgent yet satisfying. Serve it with some steamed rice or fresh veggies for a complete, balanced meal, and you’ve got yourself an easy, crowd-pleasing dish that’s perfect for weeknights or when you're craving something delicious and comforting.","None"
"https://images.weserv.nl/?url=https://files.mob-cdn.co.uk/recipes/2022/11/IMG_2197-2.jpg?mtime=1667839040","High Protein Stuffed Aubergine","55 mins","Christina Soteriou","https://images.weserv.nl/?url=https://files.mob-cdn.co.uk/files/Christina-Soteriou-Image.jpg?mtime=1704448713","These easy stuffed aubergines are packed full of protein and flavour.","None"
"https://images.weserv.nl/?url=https://files.mob-cdn.co.uk/recipes/2024/09/220A8912-2.jpg?mtime=1726155613","High-Protein Tiramisu Overnight Oats","10 mins","Jodie Nixon","https://images.weserv.nl/?url=https://files.mob-cdn.co.uk/recipes/2023/12/220A8500.jpg?mtime=1702569554","Start your day with some serious protein with these healthy tiramisu overnight oats. Who doesn’t want tiramisu for breakfast?","None"
"https://images.weserv.nl/?url=https://files.mob-cdn.co.uk/recipes/2024/04/Sticky-Harissa-Chicken-Stir-Fry.jpg?mtime=1712749201","Sticky Harissa Chicken Stir-Fry","20 mins","","","This quick and easy stir fry is absolutely delicious. It only uses 6 ingredients but it’s still jam packed with flavour. It’s perfect for a quick dinner after a busy, busy day.","None"
"https://images.weserv.nl/?url=https://files.mob-cdn.co.uk/recipes/9K8A0311-3.jpg?mtime=1650964037","Mapo Tofu","45 mins","Xiengni Zhou","https://images.weserv.nl/?url=https://files.mob-cdn.co.uk/files/IMG_0700.jpg?mtime=1701687502","Spicy, numbing and aromatic, this Sichuan classic will soon become one of your weeknight favourites. Served best with a bowl of Tilda Long Grain Rice.","None"
"https://images.weserv.nl/?url=https://files.mob-cdn.co.uk/recipes/2024/09/220A9806.png?mtime=1726068532","Chicken Satay One-Pot Rice","35 mins","Meg Robinson","https://images.weserv.nl/?url=https://files.mob-cdn.co.uk/files/Meg-Robinson.JPG?mtime=1725449637","A fuss-free, one-pot wonder full of flavour! It’s simple and balanced, but also jam-packed with flavour. Plus it requires minimal washing up, making it perfect for a weeknight dinner.","None"
"https://images.weserv.nl/?url=https://files.mob-cdn.co.uk/recipes/2024/09/220A9999.png?mtime=1726068887","Air Fryer Chicken Tikka Enchiladas with Mint Yoghurt & Mango Chutney","35 mins","Meg Robinson","https://images.weserv.nl/?url=https://files.mob-cdn.co.uk/files/Meg-Robinson.JPG?mtime=1725449637","These enchiladas are a delicious fusion of Indian and Mexican cuisines, requiring minimal washing up but producing maximum flavour!","None"
"https://images.weserv.nl/?url=https://files.mob-cdn.co.uk/recipes/2022/11/Steak-Tacos-with-Burnt-Tomato-Salsa.jpg?mtime=1695898472","Steak Tacos with Burnt Tomato Salsa","45 mins","Seema Pankhania","https://images.weserv.nl/?url=https://files.mob-cdn.co.uk/files/seeeema.jpg?mtime=1703063240","Ugo Monye teaches us how to make the perfect burnt tomato salsa with Bull’s-Eye Kentucky Habanero Hot Sauce.","None"
"https://images.weserv.nl/?url=https://files.mob-cdn.co.uk/recipes/2023/09/Spicy-Tuna-Larb-Recipe.jpg?mtime=1694426903","Spicy Tuna Larb","15 mins","Romany Henry","https://images.weserv.nl/?url=https://files.mob-cdn.co.uk/files/IMG_0690.jpg?mtime=1701687481","A humble tin of tuna has so much potential. We've used it to make a quick, store-cupboard larb. Lots of spice and acid. Perfect eaten with the leftover rice.","None"
"https://images.weserv.nl/?url=https://files.mob-cdn.co.uk/recipes/2024/10/Easy-Protein-Pancakes.jpg?mtime=1733229159","Protein Pancakes","20 mins","Mob","https://images.weserv.nl/?url=https://files.mob-cdn.co.uk/files/PROFILE-ICONS_BLACK-2.png?mtime=1702924115","These are the protein pancakes to end all protein pancakes. They’re light, fluffy and very delicious. Packed with over 30g of protein per portion. Make a batch and freeze them for an easy 2-minute breakfast.","None"
"https://images.weserv.nl/?url=https://files.mob-cdn.co.uk/recipes/2024/10/Immune-Boosting-Tofu-Ginger-Noodle-Protein-Bowljpg.jpg?mtime=1730737029","Immunity Tofu & Ginger Noodle Protein Bowl","30 mins","Sophie Waplington","https://images.weserv.nl/?url=https://files.mob-cdn.co.uk/files/Soph-Waplington.jpg?mtime=1714638861","Protect your immune system this winter with this warming bowl of goodness, filled with vitamins, anti-inflammatories and plant proteins. A very quick and comforting vegan dinner.","None"
"https://images.weserv.nl/?url=https://files.mob-cdn.co.uk/recipes/2024/11/Marry-Me-Spaghetti-Meatballs.jpg?mtime=1732293677","“Marry Me” Spaghetti & Meatballs","20 mins","Meg Robinson","https://images.weserv.nl/?url=https://files.mob-cdn.co.uk/files/Meg-Robinson.JPG?mtime=1725449637","If you’re looking to impress someone over dinner, look no further. This silky spaghetti with beef meatballs in a delicious creamy sauce will be a definite winner.","None"
"https://images.weserv.nl/?url=https://files.mob-cdn.co.uk/recipes/2024/09/849A0414-1.jpg?mtime=1726474774","Sticky Sesame Chicken Meatballs","30 mins","Meg Robinson","https://images.weserv.nl/?url=https://files.mob-cdn.co.uk/files/Meg-Robinson.JPG?mtime=1725449637","Homemade chicken meatballs are an excellent protein source. We've thrown them together here with a sticky sesame sauce. It's a healthy fakeaway to remember.","None"
"https://images.weserv.nl/?url=https://files.mob-cdn.co.uk/recipes/2024/09/849A0458-1.jpg?mtime=1726226406","Creamy Garlic & Herby Chicken Gnocchi","25 mins","Meg Robinson","https://images.weserv.nl/?url=https://files.mob-cdn.co.uk/files/Meg-Robinson.JPG?mtime=1725449637","If you haven’t tried cooking gnocchi in your air fryer yet, this is your sign. Golden and crispy on the outside and fluffy on the inside, they’re like tasty little pillows.","None"
"https://images.weserv.nl/?url=https://files.mob-cdn.co.uk/recipes/2024/09/Red-Pesto-Sausage-Pasta.jpg?mtime=1726648181","Creamy Red Pesto Sausage Pasta","20 mins","Meg Robinson","https://images.weserv.nl/?url=https://files.mob-cdn.co.uk/files/Meg-Robinson.JPG?mtime=1725449637","Pesto pasta, but better. This healthy, high-protein pasta recipe has got a lot going for it. Expect superb Italian flavours in every forkful.","None"
"https://images.weserv.nl/?url=https://files.mob-cdn.co.uk/recipes/2025/1/Spiced-Roasted-Squash-with-Pomegranate-Molasses-and-Pistachios.jpg?mtime=1738774038","Spiced Roasted Squash with Pomegranate Molasses & Pistachios","45 mins","Christina Soteriou","https://images.weserv.nl/?url=https://files.mob-cdn.co.uk/files/Christina-Soteriou-Image.jpg?mtime=1704448713","When squash is in season, there are so many delicious things to do with it, but serving it with dates, tahini and tangy pomegranate molasses creates a perfect medley of textures and flavours that complement each other so well. Serve this with couscous, bulgur wheat, freekeh, rice or any other whole grain if you like. If you can’t find pomegranate molasses, you can use balsamic glaze instead.","Vegetarian"
"https://images.weserv.nl/?url=https://files.mob-cdn.co.uk/recipes/2025/2/Spanakopita-Pancakes.jpg?mtime=1741081583","Spanakopita Pancakes","45 mins","Jodie Nixon","https://images.weserv.nl/?url=https://files.mob-cdn.co.uk/recipes/2023/12/220A8500.jpg?mtime=1702569554","Adding spinach and dill to the batter gives these pancakes their green herby goodness, then we’ve stuffed them with a creamy cottage cheese filling and topped them with a runny fried egg for a protein boost. Remember to factor in an extra hour for letting the pancake batter rest – it's worth it!","Vegetarian"
"https://images.weserv.nl/?url=https://files.mob-cdn.co.uk/recipes/849A9432-1-2.jpg?mtime=1740134288","Crispy Tofu with Smoky Black Beans & Spicy Orange Salsa","45 mins","Chloe René","https://images.weserv.nl/?url=https://files.mob-cdn.co.uk/files/IMG_0699.jpg?mtime=1701687498","I’ve heard that feijoada, the traditional Brazilian black bean stew, is sometimes eaten with slices of orange, to offset and freshen the richness in the beans. I got inspired by that flavour pairing to make this incredible dish. Whether you’re vegan, veggie or not, I promise you’ll love it.","Vegetarian"
"https://images.weserv.nl/?url=https://files.mob-cdn.co.uk/recipes/2025/1/Whipped-Pea-Artichoke-Zaatar-with-New-Potatoes.jpg?mtime=1738774036","Whipped Pea, Artichoke & Za’atar with New Potatoes","30 mins","Christina Soteriou","https://images.weserv.nl/?url=https://files.mob-cdn.co.uk/files/Christina-Soteriou-Image.jpg?mtime=1704448713","This whipped pea and artichoke combination makes a great base for the warm potato salad. Another protein-packed, balanced meal that’s great for meal prep.","Vegetarian"
"https://images.weserv.nl/?url=https://files.mob-cdn.co.uk/recipes/2025/1/Savoury-Peanut-Beans-Sesame-Eggs.jpg?mtime=1738770122","Savoury Peanut Beans & Sesame Eggs","15 mins","Chloe René","https://images.weserv.nl/?url=https://files.mob-cdn.co.uk/files/IMG_0699.jpg?mtime=1701687498","A cosy, nourishing bowl that packs a punch in terms of flavour. The peanut butter, eggs and butter beans provide loads of protein to keep you fuller for longer. Batch-cook a load of the beans and slaw and thank yourself later.","Vegetarian"
"https://images.weserv.nl/?url=https://files.mob-cdn.co.uk/recipes/2024/01/Spiced-Aubergine-Lentil-Stew-Hummus-Bowl.jpg?mtime=1704898483","Spiced Aubergine & Lentil Stew Hummus Bowl","50 mins","Christina Soteriou","https://images.weserv.nl/?url=https://files.mob-cdn.co.uk/files/Christina-Soteriou-Image.jpg?mtime=1704448713","Loaded hummus is always a good idea, and this one goes the extra mile. A saucy, spiced aubergine and lentil stew blends into the creamy hummus below.  It’s a full meal, packed with protein, fibre and flavour and is perfectly scoopable.","Vegetarian"
"https://images.weserv.nl/?url=https://files.mob-cdn.co.uk/recipes/2023/08/Sticky-Aubergine-Rice-Bowl-Recipe.jpg?mtime=1691599464","Sticky Aubergine Rice Bowl","1 hr","Mob","https://images.weserv.nl/?url=https://files.mob-cdn.co.uk/files/PROFILE-ICONS_BLACK-2.png?mtime=1702924115","This is a recipe is the Holy Trinity of sticky, sweet and spicy. Give it a go, Mob, you won’t regret it. Plus the variety of veg gives a great kick of fibre.","Vegetarian"
"https://images.weserv.nl/?url=https://files.mob-cdn.co.uk/recipes/2024/02/Creamed-Sesame-Spinach-Orzo.jpg?mtime=1708348087","Creamed Sesame Spinach Orzo","25 mins","Ben Lippett","https://images.weserv.nl/?url=https://files.mob-cdn.co.uk/files/IMG_0689.jpg?mtime=1701687479","Creamed spinach is our favourite side dishes. We've thrown the flavours of that into this easy orzo recipe.","Vegetarian"
"https://images.weserv.nl/?url=https://files.mob-cdn.co.uk/recipes/2024/01/Curried-Lentil-Sweet-Potato-Coconut-Gratin.jpg?mtime=1705572151","Curried Lentil, Sweet Potato & Coconut Gratin","1 hr","Christina Soteriou","https://images.weserv.nl/?url=https://files.mob-cdn.co.uk/files/Christina-Soteriou-Image.jpg?mtime=1704448713","This delicious, creamy, coconutty dish is something between a shepherd’s pie and a curry. With curried coconut cream bringing the creaminess and flavour, it’s a simple, healthy and incredibly tasty all-in-one.","Vegetarian"
"https://images.weserv.nl/?url=https://files.mob-cdn.co.uk/recipes/2023/08/15-Minute-Chickpea-Peanut-Butter-Curry.jpg?mtime=1693490235","Chickpea Peanut Butter Curry","20 mins","Christina Soteriou","https://images.weserv.nl/?url=https://files.mob-cdn.co.uk/files/Christina-Soteriou-Image.jpg?mtime=1704448713","All you need is 20 minutes to make this rich and creamy vegan peanut butter curry. The secret ingredient for injecting extra flavour is a splash of soy sauce.","Vegetarian"
"https://images.weserv.nl/?url=https://files.mob-cdn.co.uk/recipes/2023/12/Blackened-Leeks-Nutty-Chipotle-Salsa.jpg?mtime=1702292469","Blackened Leeks & Nutty Chipotle Salsa","35 mins","Chloe René","https://images.weserv.nl/?url=https://files.mob-cdn.co.uk/files/IMG_0699.jpg?mtime=1701687498","Soft, charred leeks on creamy ricotta, served with smoky, nutty salsa inspired by salsa macha.","Vegetarian"
"https://images.weserv.nl/?url=https://files.mob-cdn.co.uk/recipes/2024/02/Mujadara.jpg?mtime=1707222283","Mujadara","25 mins","Chloe René","https://images.weserv.nl/?url=https://files.mob-cdn.co.uk/files/IMG_0699.jpg?mtime=1701687498","This is a speedy version of the Lebanese dish Mujadara. You really can't go wrong with rice and lentils, which is exactly what this dish is offering. Enjoy.","Vegetarian"
"https://images.weserv.nl/?url=https://files.mob-cdn.co.uk/recipes/2023/08/Creamy-Courgette-Penne-Traybake-Recipe.jpg?mtime=1693379234","Creamy Courgette Penne Traybake","35 mins","Elena Silcock","https://images.weserv.nl/?url=https://files.mob-cdn.co.uk/files/220A9507.jpg?mtime=1702569427","The easiest (and creamiest) dinner you'll cook this week. It's sort of a pasta bake, sort of a traybake, and completely delicious.","Vegetarian"
"https://images.weserv.nl/?url=https://files.mob-cdn.co.uk/recipes/2023/08/Soy-Butter-Aubergine-Noodles.jpg?mtime=1693470958","Soy Butter Aubergine Noodles","30 mins","","","Easy, breezy, umami noodles. This is a great recipe you can get on the table in 30 minutes.","Vegetarian"
"https://images.weserv.nl/?url=https://files.mob-cdn.co.uk/recipes/2023/01/Charred-Leeks-Butter-Beans-Pickled-Chilli-Sauce.jpg?mtime=1673524342","Charred Leeks, Butter Beans & Pickled Chilli Sauce","35 mins","Chloe René","https://images.weserv.nl/?url=https://files.mob-cdn.co.uk/files/IMG_0699.jpg?mtime=1701687498","Comforting leeks and beans with some pickled chilli, lemon, white wine and crispy capers for a little pizzazz. This is a vegan recipe you're going to love.","Vegetarian"
"https://images.weserv.nl/?url=https://files.mob-cdn.co.uk/recipes/2023/03/One-Pot-Tomato-Orzo.jpg?mtime=1701705790","One-Pot Tomato Orzo","25 mins","Mob","https://images.weserv.nl/?url=https://files.mob-cdn.co.uk/files/PROFILE-ICONS_BLACK-2.png?mtime=1702924115","Here's an incredibly simple vegan orzo dish that's loaded with rich, beautiful tomatoes. It's an absolute winner.","Vegetarian"
"https://images.weserv.nl/?url=https://files.mob-cdn.co.uk/recipes/2023/02/Chickpea-Paneer-Curry.jpg?mtime=1676627656","Chickpea & Paneer Curry","45 mins","Mob","https://images.weserv.nl/?url=https://files.mob-cdn.co.uk/files/PROFILE-ICONS_BLACK-2.png?mtime=1702924115","Paneer was made for curries. And this simple yet incredibly fragrant chickpea curry with soft chunks of paneer is proof. Serve with fluffy Tilda Basmati Rice.","Vegetarian"
"https://images.weserv.nl/?url=https://files.mob-cdn.co.uk/recipes/2023/08/Butternut-Squash-Marmite-Gnocchi-Traybake.jpg?mtime=1690889185","Butternut Squash & Marmite Gnocchi Traybake","1 hr","Ben Lippett","https://images.weserv.nl/?url=https://files.mob-cdn.co.uk/files/IMG_0689.jpg?mtime=1701687479","This cheesy butternut squash gnocchi bake will give your fave mac and cheese recipe a real run for its money. Easy, cheesy goodness.","Vegetarian"
"https://images.weserv.nl/?url=https://files.mob-cdn.co.uk/recipes/2023/01/Herby-Chickpea-Coconut-Curry.jpg?mtime=1674751278","Herby Curried Chickpeas With Curry Leaf Tarka","35 mins","Jodie Nixon","https://images.weserv.nl/?url=https://files.mob-cdn.co.uk/recipes/2023/12/220A8500.jpg?mtime=1702569554","Here, herbs and spices reign supreme, making this a really easy, high reward recipe. We're talking herby chickpeas topped with a curry leaf tarka. Tuck in.","Vegetarian"
"https://images.weserv.nl/?url=https://files.mob-cdn.co.uk/recipes/2022/12/Tomato-Soup_2024-01-05-121740_gyul.jpg?mtime=1704457061","Tomato Soup","1 hr","Mob","https://images.weserv.nl/?url=https://files.mob-cdn.co.uk/files/PROFILE-ICONS_BLACK-2.png?mtime=1702924115","Nothing beats a bowl of homemade soup. This recipe for cream of tomato soup is an absolute classic. You’ll never touch the tinned stuff again. We got all the ingredients for this recipe from Deliveroo.","Vegetarian"
"https://images.weserv.nl/?url=https://files.mob-cdn.co.uk/recipes/2022/07/849A9842-1.jpg?mtime=1656694436","Tahini Noodles with Smacked Cucumbers","30 mins","Mob","https://images.weserv.nl/?url=https://files.mob-cdn.co.uk/files/PROFILE-ICONS_BLACK-2.png?mtime=1702924115","So fresh, so clean. We love a noodle salad on a hot summery day. This one is paired with marinated smacked cucumbers and tossed in a tasty tahini sauce.","Vegetarian"
"https://images.weserv.nl/?url=https://files.mob-cdn.co.uk/recipes/2023/07/Gnocchi-With-Smashed-Peas.jpg?mtime=1688475423","Gnocchi with Smashed Peas, Lemon & Parmesan","30 mins","Ben Lippett","https://images.weserv.nl/?url=https://files.mob-cdn.co.uk/files/IMG_0689.jpg?mtime=1701687479","This is my smashed pea gnocchi. It's a stunner of a summer dish and dead simple. You can use fresh peas if you like, but frozen really are the best. B x","Vegetarian"
"https://images.weserv.nl/?url=https://files.mob-cdn.co.uk/recipes/2023/03/Spinach-Pakoras-With-Tamarind-Chutney.jpg?mtime=1680510645","Spinach Pakoras With Tamarind Chutney","40 mins","Zainab Pirzada","https://images.weserv.nl/?url=https://files.mob-cdn.co.uk/pages/mob-share.png?mtime=1660749379","Crispy battered spinach fritters with a sweet and tangy tamarind chutney.  A perfect recipe for Iftar.","Vegetarian"
"https://images.weserv.nl/?url=https://files.mob-cdn.co.uk/recipes/2022/10/Butter-Halloumi-Curry.jpg?mtime=1695910094","Butter Halloumi Curry","45 mins","Sophie Wyburd","https://images.weserv.nl/?url=https://files.mob-cdn.co.uk/files/IMG_0692.jpg?mtime=1701687485","Enriching the curry with butter is a brilliant way of adding creaminess and richness. The salty nuggets of halloumi in the sauce make it a winning meal.","Vegetarian"
"https://images.weserv.nl/?url=https://files.mob-cdn.co.uk/recipes/2023/10/Honey-Harissa-Carrots-With-Whipped-Feta.jpg?mtime=1697528709","Honey Harissa Carrots With Whipped Feta","1 hr","Sophie Wyburd","https://images.weserv.nl/?url=https://files.mob-cdn.co.uk/files/IMG_0692.jpg?mtime=1701687485","Delicious, spicy sweet carrots on a bed of creamy whipped feta, perfect with some warm flatbreads.","Vegetarian"
"https://images.weserv.nl/?url=https://files.mob-cdn.co.uk/recipes/2023/08/Numbing-Aubergine-White-Bean-Bowl.jpg?mtime=1692019898","Numbing Aubergine White Bean Bowl","25 mins","Ben Lippett","https://images.weserv.nl/?url=https://files.mob-cdn.co.uk/files/IMG_0689.jpg?mtime=1701687479","Crushed Sichuan peppercorns add a nice hum to this recipe. It's spicy, tingly, and will shake up your palate in all the right ways.","Vegetarian"
"https://images.weserv.nl/?url=https://files.mob-cdn.co.uk/recipes/2023/05/Crunchy-Onion-Veggie-Smash-Burgers.jpg?mtime=1685526860","Crunchy Onion Veggie Smash Burgers","30 mins","Ben Lippett","https://images.weserv.nl/?url=https://files.mob-cdn.co.uk/files/IMG_0689.jpg?mtime=1701687479","Veggie burgers don't suck. But a lot of vegetarian burger recipes do. Rest assured that this is an extremely good vegetarian smash burger recipe.","Vegetarian"
"https://images.weserv.nl/?url=https://files.mob-cdn.co.uk/recipes/2023/05/DSC00743-1.jpg?mtime=1684487953","Veggie Sausage Traybake with Broccoli Salsa","50 mins","Chloe René","https://images.weserv.nl/?url=https://files.mob-cdn.co.uk/files/IMG_0699.jpg?mtime=1701687498","A quick and easy vegetarian-friendly traybake. This one is a Mediterranean-inspired delight.","Vegetarian"
"https://images.weserv.nl/?url=https://files.mob-cdn.co.uk/recipes/2023/07/Cavolo-Nero-Risotto.jpg?mtime=1688571283","Cavolo Nero & Wild Mushroom Risotto","40 mins","Jordon Ezra King","https://images.weserv.nl/?url=https://files.mob-cdn.co.uk/files/IMG_0693.jpg?mtime=1701687490","We’ve added some extra greens to this risotto by throwing in cavolo nero – high in fibre and calcium – and finished it with garlicky mushrooms and Parmesan.","Vegetarian"
"https://images.weserv.nl/?url=https://files.mob-cdn.co.uk/recipes/2023/03/Buttery-Three-Chilli-Linguine.jpg?mtime=1678895015","Buttery Three-Chilli Linguine","30 mins","Jodie Nixon","https://images.weserv.nl/?url=https://files.mob-cdn.co.uk/recipes/2023/12/220A8500.jpg?mtime=1702569554","Very buttery, silky smooth and a little bit spicy. This simple vegetarian-friendly pasta recipe has got it all.","Vegetarian"
"https://images.weserv.nl/?url=https://files.mob-cdn.co.uk/recipes/2023/06/Spicy-Mushroom-Pozole.jpg?mtime=1687165404","Spicy Mushroom Pozole","55 mins","Ben Lippett","https://images.weserv.nl/?url=https://files.mob-cdn.co.uk/files/IMG_0689.jpg?mtime=1701687479","A vegetarian pozole recipe that makes the most of chipotle paste, tender mushrooms, and corn tortillas. A real hearty affair.","Vegetarian"
"https://images.weserv.nl/?url=https://files.mob-cdn.co.uk/recipes/2023/01/Vegetarian-Samosas.jpg?mtime=1674573141","Veggie Samosas","55 mins","Romy Gill","https://images.weserv.nl/?url=https://files.mob-cdn.co.uk/pages/mob-share.png?mtime=1660749379","Mob, it's time to ditch the takeaway. Instead, feast your eyes on these ridiculously delicious and ridiculously easy vegetarian samosas, courtesy of Romy Gill.","Vegetarian"
"https://images.weserv.nl/?url=https://files.mob-cdn.co.uk/recipes/2023/08/Brothy-Roast-Tomatoes-Fennel-Giant-Couscous.jpg?mtime=1692629479","Brothy Roast Tomatoes, Fennel & Giant Couscous","40 mins","Jodie Nixon","https://images.weserv.nl/?url=https://files.mob-cdn.co.uk/recipes/2023/12/220A8500.jpg?mtime=1702569554","This recipe doesn't require a lot of prep and it's extremely comforting. A great one to use as a blueprint for whatever you have on hand.","Vegetarian"
"https://images.weserv.nl/?url=https://files.mob-cdn.co.uk/recipes/2023/05/Jammy-Eggs-With-Blistered-Tomato-Pesto-Lentils.jpg?mtime=1685622312","Jammy Eggs With Blistered Tomatoes & Pesto Lentils","30 mins","Mob","https://images.weserv.nl/?url=https://files.mob-cdn.co.uk/files/PROFILE-ICONS_BLACK-2.png?mtime=1702924115","A tomato and pesto situation teamed with oh-so perfect jammy eggs. The perfect 6-ingredient recipe, great for meat eaters and vegetarians alike.","Vegetarian"
"https://images.weserv.nl/?url=https://files.mob-cdn.co.uk/recipes/2023/07/Green-Hummus-Bowl.jpg?mtime=1689934778","Green Hummus Bowl","30 mins","Elena Silcock","https://images.weserv.nl/?url=https://files.mob-cdn.co.uk/files/220A9507.jpg?mtime=1702569427","We've made a cheat-y hummus with loads of herbs and served it up topped with sticky halloumi. Dreamy, easy, dinner.","Vegetarian"
"https://images.weserv.nl/?url=https://files.mob-cdn.co.uk/recipes/2023/07/Whole-Roasted-Broccoli-with-Romesco-Sauce-Recipe.jpg?mtime=1689334228","Whole Roasted Broccoli with Romesco Sauce","55 mins","Mob","https://images.weserv.nl/?url=https://files.mob-cdn.co.uk/files/PROFILE-ICONS_BLACK-2.png?mtime=1702924115","Forget about whole roasted cauliflower, roasting your broccoli whole is where it’s at. Serve this with a herby rice salad as a veggie centrepiece.","Vegetarian"
"https://images.weserv.nl/?url=https://files.mob-cdn.co.uk/recipes/2023/07/Tofu-Satay-Skewers.jpg?mtime=1688572513","Tofu Satay Skewers","1 hr","Mob","https://images.weserv.nl/?url=https://files.mob-cdn.co.uk/files/PROFILE-ICONS_BLACK-2.png?mtime=1702924115","This is our version of a Malaysian street-food snack. We’ve loaded it with bold anti-inflammatory spices, which, when combined with fresh cucumber pickles.","Vegetarian"
"https://images.weserv.nl/?url=https://files.mob-cdn.co.uk/recipes/2023/07/Turmeric-Tomato-Noodles.jpg?mtime=1689925982","Turmeric Tomato Noodles","15 mins","Mob","https://images.weserv.nl/?url=https://files.mob-cdn.co.uk/files/PROFILE-ICONS_BLACK-2.png?mtime=1702924115","Udon noodles are such a life-saver when you're pushed for time. We've jazzed them up here with tomatoes, turmeric, and a dash of miso.","Vegetarian"
"https://images.weserv.nl/?url=https://files.mob-cdn.co.uk/recipes/2023/07/Herby-Feta-Scrambled-Eggs.jpg?mtime=1688572361","Herby Feta Scrambled Eggs","10 mins","Mob","https://images.weserv.nl/?url=https://files.mob-cdn.co.uk/files/PROFILE-ICONS_BLACK-2.png?mtime=1702924115","This is an incredibly simple, fresh twist on scrambled eggs that uses one of our favourite ingredients: feta. It's a winner.","Vegetarian"
"https://images.weserv.nl/?url=https://files.mob-cdn.co.uk/recipes/2023/07/Corn-Ricotta-Gnocchi.jpg?mtime=1688572472","Corn & Ricotta Gnocchi","30 mins","Sophie Godwin","https://images.weserv.nl/?url=https://files.mob-cdn.co.uk/files/Sophie-Godwin.jpg?mtime=1702379841","If you’re debating what to have for dinner, make this. We used corn to make this sauce rich in fibre, which combines with the ricotta creates a creamy sauce.","Vegetarian"
"https://images.weserv.nl/?url=https://files.mob-cdn.co.uk/recipes/2023/07/Aubergine-Dhansak.jpg?mtime=1688570808","Charred Aubergine Dhansak","1 hr","Sophie Godwin","https://images.weserv.nl/?url=https://files.mob-cdn.co.uk/files/Sophie-Godwin.jpg?mtime=1702379841","Dhansak is a popular Indian curry usually made with goat or mutton. We’ve created an untraditional vegan riff on it, using aubergine instead.","Vegetarian"
"https://images.weserv.nl/?url=https://files.mob-cdn.co.uk/recipes/2022/09/Miso-Mushroom-Quiche.jpg?mtime=1693493288","Miso Mushroom Quiche","1 hr","Christina Soteriou","https://images.weserv.nl/?url=https://files.mob-cdn.co.uk/files/Christina-Soteriou-Image.jpg?mtime=1704448713","This miso mushroom pie is umami, creamy and flaky, served with a bright wafu style sauce to balance the flavours.","Vegetarian"
"https://images.weserv.nl/?url=https://files.mob-cdn.co.uk/recipes/2022/09/3-Ingredient-Creamy-Pasta.jpg?mtime=1693492294","3 Ingredient Creamy Pasta","10 mins","Christina Soteriou","https://images.weserv.nl/?url=https://files.mob-cdn.co.uk/files/Christina-Soteriou-Image.jpg?mtime=1704448713","Three ingredients, 10 minutes, dinner is served. This easy and creamy vegan pasta is to die for.","Vegetarian"
"https://images.weserv.nl/?url=https://files.mob-cdn.co.uk/recipes/2023/07/Gado-Gado.jpg?mtime=1690279436","Gado Gado Peanut Noodle Salad","20 mins","Romany Henry","https://images.weserv.nl/?url=https://files.mob-cdn.co.uk/files/IMG_0690.jpg?mtime=1701687481","A gorg super salad loaded with fresh ingredients and coated in a moreish peanut sauce. Perfect for a healthy weeknight dinner or throw-together lunch.","Vegetarian"
"https://images.weserv.nl/?url=https://files.mob-cdn.co.uk/recipes/2023/08/Aglio-E-Olio-Chickpeas-Recipe.jpg?mtime=1693379550","Aglio E Olio Chickpeas","20 mins","Ben Lebus","https://images.weserv.nl/?url=https://files.mob-cdn.co.uk/files/IMG_0694.jpg?mtime=1701687492","5 ingredients. 20 minutes. A fresh, protein-packed dish.","Vegetarian"
"https://images.weserv.nl/?url=https://files.mob-cdn.co.uk/recipes/2023/05/Melted-Broccoli-Capers-Pasta.jpg?mtime=1684487090","Melted Broccoli & Capers Pasta","20 mins","Chloe René","https://images.weserv.nl/?url=https://files.mob-cdn.co.uk/files/IMG_0699.jpg?mtime=1701687498","An extremely umami pasta recipe that's great for a quick weeknight fix. It's vegetarian, too.","Vegetarian"
"https://images.weserv.nl/?url=https://files.mob-cdn.co.uk/recipes/2023/07/Spiced-Pea-and-Potato-Rolls.jpg?mtime=1688475706","Spiced Pea and Potato Rolls","45 mins","Sophie Wyburd","https://images.weserv.nl/?url=https://files.mob-cdn.co.uk/files/IMG_0692.jpg?mtime=1701687485","We were inspired by a filling you might traditionally find in a samosa to create this delicious vegetarian sausage roll.","Vegetarian"
"https://images.weserv.nl/?url=https://files.mob-cdn.co.uk/recipes/2023/08/Chickpea-Aguachile-Verde.jpg?mtime=1691655705","Chickpea Aguachile Verde","10 mins","Jodie Nixon","https://images.weserv.nl/?url=https://files.mob-cdn.co.uk/recipes/2023/12/220A8500.jpg?mtime=1702569554","A bright and citrussy vegetarian aguachile recipe that requires absolutely zero cooking. This makes a lovely fresh side or a light main.","Vegetarian"
"https://images.weserv.nl/?url=https://files.mob-cdn.co.uk/recipes/2023/09/Sticky-Harissa-Onion-Linguine-With-Dukkah-Breadcrumbs.jpg?mtime=1695299824","Sticky Harissa Onion Linguine With Dukkah Breadcrumbs","1 hr","Jodie Nixon","https://images.weserv.nl/?url=https://files.mob-cdn.co.uk/recipes/2023/12/220A8500.jpg?mtime=1702569554","This vegetarian pasta recipe is sticky, spicy and silky. Oh, and it's jammy, carby and crispy, too. This is an all-timer.","Vegetarian"
"https://images.weserv.nl/?url=https://files.mob-cdn.co.uk/recipes/2023/09/Caprese-Butter-Bean-Bake.jpg?mtime=1695722702","Caprese Butter Bean Bake","30 mins","Jodie Nixon","https://images.weserv.nl/?url=https://files.mob-cdn.co.uk/recipes/2023/12/220A8500.jpg?mtime=1702569554","A gorgeous butter bean bake inspired by the flavours of a caprese salad. A hugely satisfying vegetarian weeknight dinner.","Vegetarian"
"https://images.weserv.nl/?url=https://files.mob-cdn.co.uk/recipes/2023/11/Aubergine-Dal-With-Mango-Chutney-Yoghurt.jpg?mtime=1698855556","Aubergine Dal With Mango Chutney Yoghurt","40 mins","Sophie Godwin","https://images.weserv.nl/?url=https://files.mob-cdn.co.uk/files/Sophie-Godwin.jpg?mtime=1702379841","A simple, vegetarian dal recipe that's got plenty of protein and fibre. This is a healthy weeknight dinner if we've ever seen one.","Vegetarian"
"https://images.weserv.nl/?url=https://files.mob-cdn.co.uk/recipes/2023/10/Carrot-Sage-Risotto.jpg?mtime=1698757951","6-Ingredient Carrot & Sage Risotto","40 mins","Ben Lippett","https://images.weserv.nl/?url=https://files.mob-cdn.co.uk/files/IMG_0689.jpg?mtime=1701687479","A warming six-ingredient risotto that makes the most of seasonal veg. Carrots a nice, natural sweetness to this recipe.","Vegetarian"
"https://images.weserv.nl/?url=https://files.mob-cdn.co.uk/recipes/2023/10/Vegan-Harissa-Ragu.jpg?mtime=1698746434","Vegan Harissa Ragù","1 hr","Sophie Wyburd","https://images.weserv.nl/?url=https://files.mob-cdn.co.uk/files/IMG_0692.jpg?mtime=1701687485","A thick and rich ragù spiced with a fragrant harissa paste tossed in pasta. This twist on a classic is undoubtedly delicious.","Vegetarian"
"https://images.weserv.nl/?url=https://files.mob-cdn.co.uk/recipes/2023/10/Cheesy-Marmite-Mushroom-Pie.jpg?mtime=1698666471","Cheesy Marmite Mushroom Pie","1 hr","Jodie Nixon","https://images.weserv.nl/?url=https://files.mob-cdn.co.uk/recipes/2023/12/220A8500.jpg?mtime=1702569554","A beautiful, wintery, rib-sticking, mushroom and ale pie. Pie is proper Sunday food and nothing else hits the spot like it.","Vegetarian"
"https://images.weserv.nl/?url=https://files.mob-cdn.co.uk/recipes/2023/10/Gunpowder-Potatoes-With-Garlic-Yoghurt-Aioli.jpg?mtime=1698416041","Gunpowder Potatoes With Garlic Yoghurt Aioli","40 mins","Christina Soteriou","https://images.weserv.nl/?url=https://files.mob-cdn.co.uk/files/Christina-Soteriou-Image.jpg?mtime=1704448713","Level up your potatoes with this super spice mix, quick pickled onions and a crunchy almond topping, all balanced out with a  cooling yoghurt aioli. They make a perfect side dish or add some roasted veggies, beans or tofu to turn it into a complete meal.","Vegetarian"
"https://images.weserv.nl/?url=https://files.mob-cdn.co.uk/recipes/2023/10/Curry-Oil-Squash-Chickpeas-With-Lime-Yoghurt.jpg?mtime=1698402317","Curry Oil Squash & Chickpeas With Lime Yoghurt","50 mins","Elena Silcock","https://images.weserv.nl/?url=https://files.mob-cdn.co.uk/files/220A9507.jpg?mtime=1702569427","If you're a fan of butternut squash then you're going to go crazy for this one. Caramelised squash and crispy chickpeas? Check.","Vegetarian"
"https://images.weserv.nl/?url=https://files.mob-cdn.co.uk/recipes/2023/10/Leek-and-Sweet-Potato-Soup-Recipe.jpg?mtime=1697547165","Leek & Sweet Potato Soup","1 hr","Ben Lebus","https://images.weserv.nl/?url=https://files.mob-cdn.co.uk/files/IMG_0694.jpg?mtime=1701687492","This leek and sweet potato soup is a recipe you can make in just one tray. The buttery leeks and soft sweet potatoes are a match made in heaven.","Vegetarian"
"https://images.weserv.nl/?url=https://files.mob-cdn.co.uk/recipes/2023/10/Cauliflower-Cheese-Gnocchi-Traybake.jpg?mtime=1696238030","Cauliflower Cheese Gnocchi Traybake","30 mins","Jodie Nixon","https://images.weserv.nl/?url=https://files.mob-cdn.co.uk/recipes/2023/12/220A8500.jpg?mtime=1702569554","Cauliflower, cheese, gnocchi, and traybake are four of our favourite words. This creamy midweek dinner will have everyone very fed and happy.","Vegetarian"
"https://images.weserv.nl/?url=https://files.mob-cdn.co.uk/recipes/2023/09/Cauliflower-Mushroom-Walnut-Bolognese.jpg?mtime=1695979100","Cauliflower, Mushroom & Walnut Bolognese","1 hr","Jodie Nixon","https://images.weserv.nl/?url=https://files.mob-cdn.co.uk/recipes/2023/12/220A8500.jpg?mtime=1702569554","A rich and luxurious veggie-packed bolognese. You won't miss the meat in this beauty.","Vegetarian"
"https://images.weserv.nl/?url=https://files.mob-cdn.co.uk/recipes/2023/11/Carrot-Coriander-Soup.jpg?mtime=1700654842","Carrot & Coriander Soup","50 mins","Ben Lebus","https://images.weserv.nl/?url=https://files.mob-cdn.co.uk/files/IMG_0694.jpg?mtime=1701687492","A simple and delicious carrot and coriander soup recipe that'll give any other carrot and coriander soup a run for its money. The secret is roasting your veg until it's nice and caramelised.","Vegetarian"
"https://images.weserv.nl/?url=https://files.mob-cdn.co.uk/recipes/2023/11/Sweet-Sour-Hasselback-Aubergine.jpg?mtime=1700474760","Sweet & Sour Hasselback Aubergine with Rice","1 hr","","","This faff-free recipe looks super impressive served on a table. If you're not hasselback-ing your aubergines, what are you doing with your life?","Vegetarian"
"https://images.weserv.nl/?url=https://files.mob-cdn.co.uk/recipes/2023/11/Aubergine-Milanese.jpg?mtime=1701188427","Smoked Aubergine Milanese","45 mins","Chloe René","https://images.weserv.nl/?url=https://files.mob-cdn.co.uk/files/IMG_0699.jpg?mtime=1701687498","Crunchy, creamy, smoky aubergine nugget with tomato sauce – an amazing vegetarian take on a milanese (or katsu) to enjoy over steaming hot rice.","Vegetarian"
"https://images.weserv.nl/?url=https://files.mob-cdn.co.uk/recipes/2023/11/Tomato-And-Basil-Pasta.jpg?mtime=1701173783","Tomato & Basil Pasta","35 mins","Jordon Ezra King","https://images.weserv.nl/?url=https://files.mob-cdn.co.uk/files/IMG_0693.jpg?mtime=1701687490","I can’t think of a more perfect pasta for a balmy summer evening than this tomato and basil pasta. It’s not often that you can enjoy warm, chewy al dente spaghetti with the bright juiciness of a summer tomato in one forkful. Well, here’s your chance.","Vegetarian"
"https://images.weserv.nl/?url=https://files.mob-cdn.co.uk/recipes/2023/11/Thai-Coconut-Rice-Pudding-With-Sesame-Peanut-Crunch.jpg?mtime=1701093412","Thai Coconut Rice Pudding With Sesame Peanut Crunch","25 mins","Romany Henry","https://images.weserv.nl/?url=https://files.mob-cdn.co.uk/files/IMG_0690.jpg?mtime=1701687481","We love rice pudding and we love Thai coconut rice. This is the best of both worlds. It's salty and sweet and the crunch on top is so addictive.","Vegetarian"
"https://images.weserv.nl/?url=https://files.mob-cdn.co.uk/recipes/2023/11/Roasted-Squash-Mozzarella-Salad.jpg?mtime=1700824132","Roasted Squash & Mozzarella Salad","40 mins","Chloe René","https://images.weserv.nl/?url=https://files.mob-cdn.co.uk/files/IMG_0699.jpg?mtime=1701687498","This seasonal winter salad satisfies all the cravings. It’s hearty, healthy and nutritious.","Vegetarian"
"https://images.weserv.nl/?url=https://files.mob-cdn.co.uk/recipes/2023/11/Gobi-Manchurian.jpg?mtime=1700558568","Gobi Manchurian","25 mins","Antony Amourdoux","https://images.weserv.nl/?url=https://files.mob-cdn.co.uk/files/Antony-Amourdoux.jpg?mtime=1724840008","This gobi Manchurian recipe from Antony Amourdoux is a real crowdpleaser. You'll love how sweet, sticky, and spicy it is.","Vegetarian"
"https://images.weserv.nl/?url=https://files.mob-cdn.co.uk/recipes/2023/11/Brothy-Roast-Squash-Pasta-With-Greens.jpg?mtime=1700475990","Brothy Roast Squash & Pasta With Greens","30 mins","Jodie Nixon","https://images.weserv.nl/?url=https://files.mob-cdn.co.uk/recipes/2023/12/220A8500.jpg?mtime=1702569554","Think of this recipe as a wintery minestrone, but less soupy and topped with green pesto for a low effort zhuzh. It’s warming, easy and packed full of vitamins to keep you healthy over the colder months.","Vegetarian"
"https://images.weserv.nl/?url=https://files.mob-cdn.co.uk/recipes/2023/11/Pea-Leek-Soup-With-Chilli-Jam-Goat’s-Cheese-Toasts.jpg?mtime=1700476269","Pea & Leek Soup With Chilli Jam Goat’s Cheese Toasts","40 mins","Sophie Godwin","https://images.weserv.nl/?url=https://files.mob-cdn.co.uk/files/Sophie-Godwin.jpg?mtime=1702379841","This is our take on an old school comfort leek and potato soup with some frozen peas and a bag of salad thrown in to make this as vibrant as it is comforting. Plus cheesy chilli jam toasts for pizazz.","Vegetarian"
"https://images.weserv.nl/?url=https://files.mob-cdn.co.uk/recipes/2023/11/Halloumi-Roasted-Grape-Giant-Couscous.jpg?mtime=1700213378","Halloumi & Roasted Grape Giant Couscous","35 mins","Sophie Godwin","https://images.weserv.nl/?url=https://files.mob-cdn.co.uk/files/Sophie-Godwin.jpg?mtime=1702379841","Roasted grapes are a current obsession - we love how jammy they go when they burst. Their sweetness is perfect with salty halloumi in this simple, one pan veggie tray bake that you’ll be making on repeat.","Vegetarian"
"https://images.weserv.nl/?url=https://files.mob-cdn.co.uk/recipes/2023/11/Miso-Onion-Soup.jpg?mtime=1700134793","Miso Onion Soup","2 hr","Ben Lebus","https://images.weserv.nl/?url=https://files.mob-cdn.co.uk/files/IMG_0694.jpg?mtime=1701687492","A simple and delicious tray soup that's worth simmering up on the weekend.","Vegetarian"
"https://images.weserv.nl/?url=https://files.mob-cdn.co.uk/recipes/2023/11/Chickpea-Tikka-Masala-Wraps.jpg?mtime=1699457712","Chickpea Tikka Masala Wraps","20 mins","Sophie Godwin","https://images.weserv.nl/?url=https://files.mob-cdn.co.uk/files/Sophie-Godwin.jpg?mtime=1702379841","The curried onion, peppers and chickpeas combine with the speedy coriander sauce, yoghurt and lettuce for an absolute vibe. Use dairy-free yoghurt and wraps to keep this one plant based.","Vegetarian"
"https://images.weserv.nl/?url=https://files.mob-cdn.co.uk/recipes/2023/11/Peanut-Butter-Paneer-Curry.jpg?mtime=1699376107","Peanut Butter Paneer Curry","35 mins","Sophie Godwin","https://images.weserv.nl/?url=https://files.mob-cdn.co.uk/files/Sophie-Godwin.jpg?mtime=1702379841","This midweek curry is the perfect veggie number to comfort while also getting in a dose of veg. It's good eating.","Vegetarian"
"https://images.weserv.nl/?url=https://files.mob-cdn.co.uk/recipes/2023/11/Chunky-Vegetable-Soup.jpg?mtime=1699283998","Chunky Vegetable Soup With Squash, Kale & Parmesan Croutons","50 mins","Elena Silcock","https://images.weserv.nl/?url=https://files.mob-cdn.co.uk/files/220A9507.jpg?mtime=1702569427","Packed with vegetables and all sorts of goodness, this vegetable soup recipe will cure just any cold. Maybe. Don't use this as a substitute for actual medicine. Do eat it for dinner.","Vegetarian"
"https://images.weserv.nl/?url=https://files.mob-cdn.co.uk/recipes/2023/11/Tomato-Curry-Egg-Drop-Rice.jpg?mtime=1699262947","Tomato Curry Egg Drop Rice","25 mins","Romany Henry","https://images.weserv.nl/?url=https://files.mob-cdn.co.uk/files/IMG_0690.jpg?mtime=1701687481","When I am home, tired, hungry and need something quick and nourishing I make this. A take on a classic Hong Kong dish, with a little spice and inspired by Lucas Sin’s egg drop method.","Vegetarian"
"https://images.weserv.nl/?url=https://files.mob-cdn.co.uk/recipes/2023/12/Minestrone-Soup.jpg?mtime=1703757480","""Heal Me"" Minestrone Soup","45 mins","Alfie Steiner","https://images.weserv.nl/?url=https://files.mob-cdn.co.uk/pages/mob-share.png?mtime=1660749379","There are few soups better than a minestrone, and this minestrone soup recipe from Alfie Steiner (aka @alfiecooks_) is pure comfort in a bowl. Guaranteed to make you feel better, whatever the weather, it’s packed full of your favourite veggies and juicy legumes, making it incredibly good for you too. An absolute winter staple.","Vegetarian"
"https://images.weserv.nl/?url=https://files.mob-cdn.co.uk/recipes/2023/12/Roasted-Carrot-Soup-with-Sesame-Halloumi-Croutons.jpg?mtime=1703755311","Roasted Carrot Soup With Sesame Halloumi Croutons","45 mins","Sophie Godwin","https://images.weserv.nl/?url=https://files.mob-cdn.co.uk/files/Sophie-Godwin.jpg?mtime=1702379841","Soup is a staple in our flat. It never fails to blow my mind the flavour you get out of roasted veg. Here, I’ve gone for classic carrot with some cumin, garlic and pomegranate molasses for a tangy kick. Plus there are spicy sesame cheese ‘croutons’ on top, because why not?","Vegetarian"
"https://images.weserv.nl/?url=https://files.mob-cdn.co.uk/recipes/2023/12/Kitchari.jpg?mtime=1702650490","Ginger Lemon Lentil Porridge","55 mins","Romany Henry","https://images.weserv.nl/?url=https://files.mob-cdn.co.uk/files/IMG_0690.jpg?mtime=1701687481","Inspired by Khicidi (or Khichri) with plenty of gentle lentils, this recipe is a great source of protein and nutrition. We added lots of lemon ginger and aromatic ginger sesame oil for a proper warming bowl of serious cosy goodness.","Vegetarian"
"https://images.weserv.nl/?url=https://files.mob-cdn.co.uk/recipes/2023/01/Creamy-Celeriac-Pasta.jpg?mtime=1674235150","Creamy Celeriac Pasta with Nutty Herb Crumb","40 mins","Mob","https://images.weserv.nl/?url=https://files.mob-cdn.co.uk/files/PROFILE-ICONS_BLACK-2.png?mtime=1702924115","This vegan pasta gets its creamy texture with the help of the celeriac. It’s full of umami and is very easy to make.","Vegetarian"
"https://images.weserv.nl/?url=https://files.mob-cdn.co.uk/recipes/2023/10/Veggie-Egg-Fried-Rice.jpg?mtime=1697187879","Veggie Egg Fried Rice","30 mins","Ben Lebus","https://images.weserv.nl/?url=https://files.mob-cdn.co.uk/files/IMG_0694.jpg?mtime=1701687492","A belter of a dish. Charred veggies and eggy rice, topped with the crispiest shallots in the land. So easy. So cheap. So delicious.","Vegetarian"
"https://images.weserv.nl/?url=https://files.mob-cdn.co.uk/recipes/2023/05/Broccoli-Cheese-Pie.jpg?mtime=1683714928","Broccoli Cheese Pie","1 hr","Mob","https://images.weserv.nl/?url=https://files.mob-cdn.co.uk/files/PROFILE-ICONS_BLACK-2.png?mtime=1702924115","It's pie weather. This cheesy, veggie-friendly pie is loaded with broccoli and a mountain of cheddar. It's just the thing to get you through the evening.","Vegetarian"
"https://images.weserv.nl/?url=https://files.mob-cdn.co.uk/recipes/2021/9K8A8156-2.jpg?mtime=1621349471","Roasted Cauliflower and Green Tahini Salad","50 mins","Sophie Wyburd","https://images.weserv.nl/?url=https://files.mob-cdn.co.uk/files/IMG_0692.jpg?mtime=1701687485","A beautiful meal prep dish loaded with all the good stuff. Charred cauliflower and spiced chickpeas are gorgeous with the herby, nutty, vibrant dressing.","Vegetarian"
"https://images.weserv.nl/?url=https://files.mob-cdn.co.uk/recipes/IMG_2729-5.jpg?mtime=1631292444","Creamy Rose Harissa Spaghetti","45 mins","Seema Pankhania","https://images.weserv.nl/?url=https://files.mob-cdn.co.uk/files/seeeema.jpg?mtime=1703063240","Why more people are not coating their spaghetti in spicy harissa paste, tonnes of herbs and creamy mascarpone we do not know. So flavoursome. So saucy.","Vegetarian"
"https://images.weserv.nl/?url=https://files.mob-cdn.co.uk/recipes/849A9999-9.jpg?mtime=1625670775","Squash and Tofu Red Curry","1 hr","Sophie Wyburd","https://images.weserv.nl/?url=https://files.mob-cdn.co.uk/files/IMG_0692.jpg?mtime=1701687485","Our vegan version of a Thai takeaway classic. Flavoured with punchy dried chillies and lemongrass, and served up with sticky Tilda Fragrant Jasmine Rice.","Vegetarian"
"https://images.weserv.nl/?url=https://files.mob-cdn.co.uk/recipes/IMG_6430-2.jpg?mtime=1629278640","Ben's Summer Tomato Pasta","1 hr","Ben Lebus","https://images.weserv.nl/?url=https://files.mob-cdn.co.uk/files/IMG_0694.jpg?mtime=1701687492","No dish makes tomatoes sing quite like this. Flavoured simply with herbs, chilli and garlic, this pasta is best when topped with gooey buffalo mozzarella.","Vegetarian"
"https://images.weserv.nl/?url=https://files.mob-cdn.co.uk/recipes/2023/08/Aglio-E-Olio.jpg?mtime=1692014391","Aglio E Olio","30 mins","Ben Lebus","https://images.weserv.nl/?url=https://files.mob-cdn.co.uk/files/IMG_0694.jpg?mtime=1701687492","We have perfected the aglio e olio. Lemon is key. Creating an emulsion with the olive oil & the pasta water makes the most delicious pasta you'll ever eat. We got all the ingredients for this from Deliveroo.","Vegetarian"
"https://images.weserv.nl/?url=https://files.mob-cdn.co.uk/recipes/849A8625.jpg?mtime=1612268756","Muttar Paneer","45 mins","Sophie Wyburd","https://images.weserv.nl/?url=https://files.mob-cdn.co.uk/files/IMG_0692.jpg?mtime=1701687485","A mild, creamy Punjabi curry for all you cheese lovers. Fried paneer, sweet peas and all the spices. Ditch your takeaway and have this instead. Sophie x","Vegetarian"
"https://images.weserv.nl/?url=https://files.mob-cdn.co.uk/recipes/2023/11/Singapore-Noodles.jpg?mtime=1699435675","Singapore Noodles","25 mins","Sophie Wyburd","https://images.weserv.nl/?url=https://files.mob-cdn.co.uk/files/IMG_0692.jpg?mtime=1701687485","Contrary to what its name suggests, this is actually a Cantonese classic. We’ve omitted prawns and pork to make a non-traditional vegan version of that dish.","Vegetarian"
"https://images.weserv.nl/?url=https://files.mob-cdn.co.uk/recipes/2024/04/Herby-Green-Rice-Shakshuka.jpg?mtime=1713177351","Herby Green Rice Shakshuka","45 mins","Jodie Nixon","https://images.weserv.nl/?url=https://files.mob-cdn.co.uk/recipes/2023/12/220A8500.jpg?mtime=1702569554","This bright green herby shakshuka is packed with parsley and spinach before being topped with toasted pumpkin seeds. Delicious.","Vegetarian"
"https://images.weserv.nl/?url=https://files.mob-cdn.co.uk/recipes/9K8A1754.jpg?mtime=1593785117","Romesco Mac & Cheese","45 mins","Ben Lebus","https://images.weserv.nl/?url=https://files.mob-cdn.co.uk/files/IMG_0694.jpg?mtime=1701687492","We always wondered why romesco and mac & cheese hadn't been combined. The flavours work perfectly together. Tangy, smoky, cheesy, rich. The perfect mouthful.","Vegetarian"
"https://images.weserv.nl/?url=https://files.mob-cdn.co.uk/recipes/2021/DSC_6434_2021-02-26-135212.jpg?mtime=1614347533","Chilli Paneer","1 hr","Seema Pankhania","https://images.weserv.nl/?url=https://files.mob-cdn.co.uk/files/seeeema.jpg?mtime=1703063240","An iconic and must-have Indian takeaway. Soft paneer in a sweet and spicy sauce? It’s incredible and so easy to make.","Vegetarian"
"https://images.weserv.nl/?url=https://files.mob-cdn.co.uk/recipes/2024/02/Green-Goddess-Chopped-Salad.jpg?mtime=1707492761","Green Goddess Chopped Salad","15 mins","Elena Silcock","https://images.weserv.nl/?url=https://files.mob-cdn.co.uk/files/220A9507.jpg?mtime=1702569427","A simple chopped salad with a green goddess dressing that's so good you'll want to swim laps in it.","Vegetarian"
"https://images.weserv.nl/?url=https://files.mob-cdn.co.uk/files/Spanakopita-Orzo.jpg?mtime=1706874317","Spanakopita Orzo","30 mins","Jodie Nixon","https://images.weserv.nl/?url=https://files.mob-cdn.co.uk/recipes/2023/12/220A8500.jpg?mtime=1702569554","A Greek classic transformed into a nutritious, midweek meal that's ready in 30 minutes. This spanakopita orzo is going to be a regular on your dinner table.","Vegetarian"
"https://images.weserv.nl/?url=https://files.mob-cdn.co.uk/recipes/2024/02/849A1447-2.jpg?mtime=1707137617","Citrus Salad","10 mins","Ben Lippett","https://images.weserv.nl/?url=https://files.mob-cdn.co.uk/files/IMG_0689.jpg?mtime=1701687479","This recipe has all the makings of a delicious salad. Juicy blood orange, creamy feta, and tangy capers combine to make something really special. Enjoy.","Vegetarian"
"https://images.weserv.nl/?url=https://files.mob-cdn.co.uk/recipes/2024/01/Greekish-Tomato-Barley.jpg?mtime=1705918065","Greek(ish) Tomato Barley","55 mins","Jodie Nixon","https://images.weserv.nl/?url=https://files.mob-cdn.co.uk/recipes/2023/12/220A8500.jpg?mtime=1702569554","A tomatoey pearl barley dish that’s not unlike a risotto then topped it with a fresh, lemony broccoli salad. It's packed full of nutrients to keep us healthy but it also kind of tastes like you could be sitting in the sun, eating at a taverna on the beach. Bliss.","Vegetarian"
"https://images.weserv.nl/?url=https://files.mob-cdn.co.uk/recipes/2024/01/220A2030-1.jpg?mtime=1705580309","Charred Onion and Fennel Broth with Fregola, Chickpeas and Feta","30 mins","Jordon Ezra King","https://images.weserv.nl/?url=https://files.mob-cdn.co.uk/files/IMG_0693.jpg?mtime=1701687490","Onions and fennel are charred in a hot pan, then simmered in chicken stock with garlic, aromatics, fregola and chickpeas. Once cooked, the soup is finished with lots of soft green herbs, lemon and feta for a hearty but fresh dish.","Vegetarian"
"https://images.weserv.nl/?url=https://files.mob-cdn.co.uk/recipes/2024/01/Chocolatey-Black-Bean-Stew-With-Nutty-Sprinkle-Recipe.jpg?mtime=1705927149","Black Bean Stew With Nutty Sprinkle","25 mins","Chloe René","https://images.weserv.nl/?url=https://files.mob-cdn.co.uk/files/IMG_0699.jpg?mtime=1701687498","A rich, nutty, spicy black bean dish inspired by Mole Poblano, served with tangy feta drizzle. To scoop up with tortilla crisps.","Vegetarian"
"https://images.weserv.nl/?url=https://files.mob-cdn.co.uk/recipes/2024/01/Romesco-Chickpeas.jpg?mtime=1704973212","Romesco Chickpeas","30 mins","Elena Silcock","https://images.weserv.nl/?url=https://files.mob-cdn.co.uk/files/220A9507.jpg?mtime=1702569427","Healthy weeknight dinners don't get much simpler than this. Packed with fibre and protein, this romesco chickpea recipe is a winner.","Vegetarian"
"https://images.weserv.nl/?url=https://files.mob-cdn.co.uk/recipes/2023/03/Spanakopita-Spinach-Filo-Pie.jpg?mtime=1680002828","Spanakopita (Spinach Filo Pie)","1 hr","Mob","https://images.weserv.nl/?url=https://files.mob-cdn.co.uk/files/PROFILE-ICONS_BLACK-2.png?mtime=1702924115","This is my recipe for the perfect spanakopita, a spinach and tofu 'feta' pie. As close to the ones we eat at home in Cyprus as possible, it's a real treat.","Vegetarian"
"https://images.weserv.nl/?url=https://files.mob-cdn.co.uk/recipes/9K8A9592.jpg?mtime=1593785216","Pesto Veggie Traybake","1 hr","Ben Lebus","https://images.weserv.nl/?url=https://files.mob-cdn.co.uk/files/IMG_0694.jpg?mtime=1701687492","Roasted veggies, the crunchiest ciabatta croutons, with a delicious, rich homemade pesto dolloped on top. It just works.","Vegetarian"
"https://images.weserv.nl/?url=https://files.mob-cdn.co.uk/recipes/Loaded_Veggie_Quesadillas_Image_8-3-2.jpg?mtime=1593783889","Loaded Veggie Quesadillas","50 mins","Ben Lebus","https://images.weserv.nl/?url=https://files.mob-cdn.co.uk/files/IMG_0694.jpg?mtime=1701687492","The perfect dinner party dish. Cheesy. Veggie. Crunchy. The whole 9 yards.","Vegetarian"
"https://images.weserv.nl/?url=https://files.mob-cdn.co.uk/recipes/2024/05/Spiced-Veggie-Gyros.jpg?mtime=1715593131","Spiced Veggie Gyros","50 mins","Ben Lebus","https://images.weserv.nl/?url=https://files.mob-cdn.co.uk/files/IMG_0694.jpg?mtime=1701687492","The spiced roast veggies and the cooling tzatziki come together perfectly to form one of the all time great mouthfuls.","Vegetarian"
"https://images.weserv.nl/?url=https://files.mob-cdn.co.uk/recipes/2020/9K8A2234_200218_130516.jpg?mtime=1593783741","Veggie Satay Noodles","30 mins","Ben Lebus","https://images.weserv.nl/?url=https://files.mob-cdn.co.uk/files/IMG_0694.jpg?mtime=1701687492","Charred veggies are key here. Key key key. Paired with the soft noodles and a creamy peanutty sauce its a very special dish.","Vegetarian"
"https://images.weserv.nl/?url=https://files.mob-cdn.co.uk/recipes/2023/09/Spicy-Veggie-Enchiladas.jpg?mtime=1694071230","Smoky Veggie Enchiladas","1 hr","Ben Lebus","https://images.weserv.nl/?url=https://files.mob-cdn.co.uk/files/IMG_0694.jpg?mtime=1701687492","Smoky beans are the perfect filling inside these soft, warming enchiladas. Lots of cheddar on the top takes these to the next level.","Vegetarian"
"https://images.weserv.nl/?url=https://files.mob-cdn.co.uk/recipes/2023/12/Triple-Lemon-Chickpeas.jpg?mtime=1703767096","Triple Lemon Chickpeas","20 mins","Elena Silcock","https://images.weserv.nl/?url=https://files.mob-cdn.co.uk/files/220A9507.jpg?mtime=1702569427","Chickpeas with a zip. If you're into fresh and vibrant veggie-forward dinners then you'll really vibe with this.","Vegetarian"
"https://images.weserv.nl/?url=https://files.mob-cdn.co.uk/recipes/2023/03/Rich-Veggie-Sausage-Sweet-Potato-Bake.jpg?mtime=1678700539","Rich Veggie Sausage Sweet Potato Bake","1 hr","Mob","https://images.weserv.nl/?url=https://files.mob-cdn.co.uk/files/PROFILE-ICONS_BLACK-2.png?mtime=1702924115","The easiest weeknight dinner. Just throw it all in a tray and bake! You’ll need to stir a dressing together but that's as tricky as it gets, I promise.","Vegetarian"
"https://images.weserv.nl/?url=https://files.mob-cdn.co.uk/recipes/2023/05/Roasted-Potato-Salad-With-Apricots-Fennel-Veggie-Sausages.jpg?mtime=1685436265","Roasted Potato Salad With Apricots, Fennel & Veggie Sausages","45 mins","Chloe René","https://images.weserv.nl/?url=https://files.mob-cdn.co.uk/files/IMG_0699.jpg?mtime=1701687498","This is an extra special take on the classic (but boring, sorry) potato salad. Fresh fennel and roasted apricots take things up a gear or two.","Vegetarian"
"https://images.weserv.nl/?url=https://files.mob-cdn.co.uk/recipes/2024/01/Smoky-Grilled-Mushroom-Doner_2024-04-02-082500_xmdb.jpg?mtime=1712046300","Smoky Grilled Mushroom Döner","30 mins","Jodie Nixon","https://images.weserv.nl/?url=https://files.mob-cdn.co.uk/recipes/2023/12/220A8500.jpg?mtime=1702569554","If you find it hard to believe that a döner kebab can be healthy, we're here to prove you wrong. This veggie-style grilled mushroom döner will have you feeling like you're post night out minus the regret. Enjoy.","Vegetarian"
"https://images.weserv.nl/?url=https://files.mob-cdn.co.uk/recipes/pulledmushroom.jpg?mtime=1611663030","Pulled Mushroom Ragù","2 hr","Sophie Wyburd","https://images.weserv.nl/?url=https://files.mob-cdn.co.uk/files/IMG_0692.jpg?mtime=1701687485","The richest, umami-est mushroom ragu you could dream of. Pulled oyster mushrooms replace meat here, and they do it well. Delightful.","Vegetarian"
"https://images.weserv.nl/?url=https://files.mob-cdn.co.uk/recipes/2024/02/Veggie-Chilli-Con-Carne.jpg?mtime=1706888971","Batch Recipe: Veggie Chilli Sin Carne","1 hr","Jodie Nixon","https://images.weserv.nl/?url=https://files.mob-cdn.co.uk/recipes/2023/12/220A8500.jpg?mtime=1702569554","This is the ultimate veggie chilli packed full of beans, spices and some new ingredients that you might not have thought of using before.","Vegetarian"
"https://images.weserv.nl/?url=https://files.mob-cdn.co.uk/recipes/2023/03/One-Pot-Veggie-Leek-Pie.jpg?mtime=1678800966","One-Pot Veggie & Leek Pie","45 mins","Mob","https://images.weserv.nl/?url=https://files.mob-cdn.co.uk/files/PROFILE-ICONS_BLACK-2.png?mtime=1702924115","Taking the well-loved British chicken and leek pie, making it veggie, and cooking it in one pan. We’re serving ours with grilled Tenderstem. Easy and delicious.","Vegetarian"
"https://images.weserv.nl/?url=https://files.mob-cdn.co.uk/recipes/2024/02/Bean-Chilli-Stuffed-Jacket-Potato.jpg?mtime=1707303244","Bean Chilli-Stuffed Jacket Potato with Lime Pickled Onions & Avocado","1 hr","Jodie Nixon","https://images.weserv.nl/?url=https://files.mob-cdn.co.uk/recipes/2023/12/220A8500.jpg?mtime=1702569554","Everyone loves a jacket potato, so we’ve stuffed this with our ultimate veggie chilli for a midweek crowd-pleaser.","Vegetarian"
"https://images.weserv.nl/?url=https://files.mob-cdn.co.uk/recipes/2023/10/Twice-Roasted-Pumpkin-Salted-Maple-Pecan-Drizzle.jpg?mtime=1697021094","Twice-Roasted Pumpkin & Salted Maple Pecan Drizzle","2 hr","Chloe René","https://images.weserv.nl/?url=https://files.mob-cdn.co.uk/files/IMG_0699.jpg?mtime=1701687498","Roasting your pumpkin twice makes it sweet and sticky and incredibly moreish. We've topped it off with a salted maple pecan drizzle that's to die for. A wicked veggie centrepiece.","Vegetarian"
"https://images.weserv.nl/?url=https://files.mob-cdn.co.uk/recipes/9K8A7603-Edit.jpg?mtime=1593784080","Mushroom Miso Barley Bowl","35 mins","Ben Lebus","https://images.weserv.nl/?url=https://files.mob-cdn.co.uk/files/IMG_0694.jpg?mtime=1701687492","This is for those who love creamy mushrooms.","Vegetarian"
"https://images.weserv.nl/?url=https://files.mob-cdn.co.uk/recipes/2023/03/Veggie-Meatball-Kebabs-With-Fennel-Pumpkin-Seed-Slaw.jpg?mtime=1678274161","Veggie Meatball Kebabs With Fennel & Pumpkin Seed Slaw","30 mins","Mob","https://images.weserv.nl/?url=https://files.mob-cdn.co.uk/files/PROFILE-ICONS_BLACK-2.png?mtime=1702924115","Herby courgette and veggie meatball kebabs on a bed of mustardy and tangy crème fraîche served with fresh and zingy fennel slaw. Delicious.","Vegetarian"
"https://images.weserv.nl/?url=https://files.mob-cdn.co.uk/recipes/2021/849A8228-3.jpg?mtime=1638527304","Roast Broccoli with Tahini Dressing and Sesame Chilli Crisp","45 mins","Mob","https://images.weserv.nl/?url=https://files.mob-cdn.co.uk/files/PROFILE-ICONS_BLACK-2.png?mtime=1702924115","Yinka Ogunbiyi (aka Food Fire and Soul) makes the ultimate veggie centrepiece – a beautiful roasted broccoli with a tahini dressing and homemade chilli oil.","Vegetarian"
"https://images.weserv.nl/?url=https://files.mob-cdn.co.uk/recipes/Webp.net-compress-image.jpg?mtime=1631114087","Sticky Sriracha Quorn Bowls","20 mins","Jordon Ezra King","https://images.weserv.nl/?url=https://files.mob-cdn.co.uk/files/IMG_0693.jpg?mtime=1701687490","This sticky sriracha rice bowl comes together in 20 mins to make a delicious weeknight dinner.","Vegetarian"
"https://images.weserv.nl/?url=https://files.mob-cdn.co.uk/recipes/2023/11/Green-Bean-Feta-Pasta-Recipe.jpg?mtime=1699024900","Green Bean & Feta Pasta","15 mins","Elena Silcock","https://images.weserv.nl/?url=https://files.mob-cdn.co.uk/files/220A9507.jpg?mtime=1702569427","A simple vegetarian pasta recipe that you can make in 15 minutes. Nothing more, nothing less.","Vegetarian"
"https://images.weserv.nl/?url=https://files.mob-cdn.co.uk/recipes/2023/10/Ramen-Fried-Chicken-Burger.jpg?mtime=1697452300","Sweet & Spicy Ramen Fried 'Chicken' Burger","30 mins","Jodie Nixon","https://images.weserv.nl/?url=https://files.mob-cdn.co.uk/recipes/2023/12/220A8500.jpg?mtime=1702569554","A crispy, golden ramen burger with a spicy rich gochujang sauce. This is totally vegetarian and totally delicious.","Vegetarian"
"https://images.weserv.nl/?url=https://files.mob-cdn.co.uk/recipes/2024/04/220A0508-2.jpg?mtime=1714034990","Tomatoey Butter Beans & Cheese","40 mins","Mob","https://images.weserv.nl/?url=https://files.mob-cdn.co.uk/files/PROFILE-ICONS_BLACK-2.png?mtime=1702924115","A delicious centrepiece for everyone to dive into! If you like beans, this is your guy. We used vegan cheese but feel free to sub it with whatever you want.","Vegetarian"
"https://images.weserv.nl/?url=https://files.mob-cdn.co.uk/recipes/2024/02/Batch-Recipe-Cauliflower-Chickpea-Peanut-Curry.jpg?mtime=1707738864","Cauliflower, Chickpea & Peanut Curry","35 mins","Jodie Nixon","https://images.weserv.nl/?url=https://files.mob-cdn.co.uk/recipes/2023/12/220A8500.jpg?mtime=1702569554","Packed with all the good stuff, this vegetarian curry is a batch cooking base that just keeps on giving.","Vegetarian"
"https://images.weserv.nl/?url=https://files.mob-cdn.co.uk/recipes/2022/06/849A0979.jpg?mtime=1655912718","Plant-Based Tahini ""Chicken"" Flatbreads","20 mins","Jordon Ezra King","https://images.weserv.nl/?url=https://files.mob-cdn.co.uk/files/IMG_0693.jpg?mtime=1701687490","These saucy tahini chicken flatbreads are made with vegetarian chicken pieces for a delicious plant-based summer wrap.","Vegetarian"
"https://images.weserv.nl/?url=https://files.mob-cdn.co.uk/recipes/2023/12/Creamy-Spiced-Spinach-Chickpeas.jpg?mtime=1701967484","Creamy Spiced Spinach Chickpeas","20 mins","Chloe René","https://images.weserv.nl/?url=https://files.mob-cdn.co.uk/files/IMG_0699.jpg?mtime=1701687498","A creamy chickpea dish bursting with greens and spices. A healthy vegetarian crowdpleaser inspired by the flavours of a spinach fatayer.","Vegetarian"
"https://images.weserv.nl/?url=https://files.mob-cdn.co.uk/recipes/2023/09/Roasted-Garlic-Beans-Quorn-Sausages-With-Salmoriglio.jpg?mtime=1694075226","Garlicky Beans & Sausages With Salmoriglio","35 mins","Chloe René","https://images.weserv.nl/?url=https://files.mob-cdn.co.uk/files/IMG_0699.jpg?mtime=1701687498","This veggie dish screams comfort. Creamy beans topped with the fantastic vegetarian sausages and a tangy salmoriglio to cut through all the richness.","Vegetarian"
"https://images.weserv.nl/?url=https://files.mob-cdn.co.uk/recipes/2024/01/One-Pot-Veggie-Rice.jpg?mtime=1704369181","Crispy One-Pot Veggie Rice","1 hr","Seema Pankhania","https://images.weserv.nl/?url=https://files.mob-cdn.co.uk/files/seeeema.jpg?mtime=1703063240","All you need is one pot and whatever veggies you've got in your fridge to make this simple, weeknight-friendly recipe. It couldn't be easier. It's one of our favourite vegetarian one pot recipes.","Vegetarian"
"https://images.weserv.nl/?url=https://files.mob-cdn.co.uk/recipes/2024/02/Braised-Aubergine-Lentils-With-Pesto-Yoghurt.jpg?mtime=1708943341","Braised Aubergine Lentils With Pesto Yoghurt","1 hr","Jodie Nixon","https://images.weserv.nl/?url=https://files.mob-cdn.co.uk/recipes/2023/12/220A8500.jpg?mtime=1702569554","Fudgy aubergines? Plump lentils? Pesto yoghurt? This recipe has got it all. A healthy midweek dinner.","Vegetarian"
"https://images.weserv.nl/?url=https://files.mob-cdn.co.uk/recipes/2024/03/Tikka-Halloumi-Curried-Lentils.jpg?mtime=1710176437","Tikka Halloumi & Curried Lentils","35 mins","Sophie Wyburd","https://images.weserv.nl/?url=https://files.mob-cdn.co.uk/files/IMG_0692.jpg?mtime=1701687485","A vegetarian alternative to chicken tikka that makes the most of halloumi's wonderfully squeaky texture.","Vegetarian"
"https://images.weserv.nl/?url=https://files.mob-cdn.co.uk/recipes/2024/03/Zingy-Green-Pasta.jpg?mtime=1710319445","Zingy Green Pasta","25 mins","Chloe René","https://images.weserv.nl/?url=https://files.mob-cdn.co.uk/files/IMG_0699.jpg?mtime=1701687498","Green kale pasta is a well-loved vegetarian classic. This one comes with some zingy lemon and salty feta for a vibrant twist.","Vegetarian"
"https://images.weserv.nl/?url=https://files.mob-cdn.co.uk/recipes/2024/04/Cannellini-Bean-Leek-Miso-Soup.jpg?mtime=1714387651","Cannellini Bean & Leek Miso Soup","15 mins","Justin Tsang","https://images.weserv.nl/?url=https://files.mob-cdn.co.uk/files/Justin.jpg?mtime=1714467568","Quick, easy and nourishing vegan miso soup, packed with protein. One of my go-to store cupboard recipes, quicker than boiling pasta. A drizzle of chilli oil and squeeze of lemon finish off this dish perfectly, any day of the year","Vegetarian"
"https://images.weserv.nl/?url=https://files.mob-cdn.co.uk/recipes/2024/01/Vegan-Moussaka.jpg?mtime=1704375547","Vegan Moussaka","2 hr","Christina Soteriou","https://images.weserv.nl/?url=https://files.mob-cdn.co.uk/files/Christina-Soteriou-Image.jpg?mtime=1704448713","This is a classic Greek and Cypriot recipe, made with healthy, plant-based ingredients. It’s a cosy, homely dish that’s perfect for a Sunday lunch. This makes a huge portion but it freezes well, or feel free to halve the recipe.","Vegetarian"
"https://images.weserv.nl/?url=https://files.mob-cdn.co.uk/recipes/2024/04/Vegan-Tortilla-Soup.jpg?mtime=1712047561","Vegan Tortilla Soup","30 mins","Christina Soteriou","https://images.weserv.nl/?url=https://files.mob-cdn.co.uk/files/Christina-Soteriou-Image.jpg?mtime=1704448713","You may not think tortillas in soup would work well together, but we're here to tell you that it does. And best of all? It's completely vegan.","Vegetarian"
"https://images.weserv.nl/?url=https://files.mob-cdn.co.uk/recipes/2024/03/Crispy-Mushroom-Black-Bean-Tacos-with-Pea-Guacamole.jpg?mtime=1710158014","Crispy Mushroom & Black Bean Tacos with Pea Guacamole","45 mins","Christina Soteriou","https://images.weserv.nl/?url=https://files.mob-cdn.co.uk/files/Christina-Soteriou-Image.jpg?mtime=1704448713","Tasty vegan tacos with a homemade pea guacamole. Vegan recipes don't get better than this.","Vegetarian"
"https://images.weserv.nl/?url=https://files.mob-cdn.co.uk/recipes/2024/04/Dill-Pickle-Soup-with-Rye-Croutons.jpg?mtime=1713779035","Dill Pickle Soup with Rye Croutons","45 mins","Jodie Nixon","https://images.weserv.nl/?url=https://files.mob-cdn.co.uk/recipes/2023/12/220A8500.jpg?mtime=1702569554","If you're into pickles, you're going to be really into this dill pickle soup. It's tangy, briny, and extremely soothing. Get stuck in.","Vegetarian"
"https://images.weserv.nl/?url=https://files.mob-cdn.co.uk/recipes/2024/04/Charred-Cabbage-Giant-Couscous.jpg?mtime=1712566508","Charred Cabbage & Giant Couscous","35 mins","Chloe René","https://images.weserv.nl/?url=https://files.mob-cdn.co.uk/files/IMG_0699.jpg?mtime=1701687498","Cabbage really doesn’t get the love it deserves. It’s one of the most affordable and versatile veggies out there. Here I’ve charred it and served it with some giant couscous and herby tahini sauce. It’s a great, cheap vegetarian dinner.","Vegetarian"
"https://images.weserv.nl/?url=https://files.mob-cdn.co.uk/recipes/2024/04/Aubergine-With-Coconut-Satay-Sauce.jpg?mtime=1713434721","Aubergine With Coconut Satay Sauce","40 mins","Christina Soteriou","https://images.weserv.nl/?url=https://files.mob-cdn.co.uk/files/Christina-Soteriou-Image.jpg?mtime=1704448713","This vegan recipe combines a rich and fragrant satay sauce with fudgy baked aubergines. It's as good as that sounds.","Vegetarian"
"https://images.weserv.nl/?url=https://files.mob-cdn.co.uk/recipes/2024/04/Chilli-Oil-Udon.jpg?mtime=1714386551","Chilli Oil Udon","10 mins","Justin Tsang","https://images.weserv.nl/?url=https://files.mob-cdn.co.uk/files/Justin.jpg?mtime=1714467568","This is one of the quickest noodle recipes out there. The only cooking is boiling the noodles. Make the sauce in the bowl you eat from, using scorching oil to bring the sauce together.","Vegetarian"
"https://images.weserv.nl/?url=https://files.mob-cdn.co.uk/recipes/2024/01/Garlicky-White-Beans-Roasted-Purple-Sprouting-Broccoli-Chilli-and-Lemon.jpg?mtime=1705493168","Garlicky White Beans, Roasted Purple Sprouting Broccoli, Chilli & Lemon","1 hr","","","If you're looking for a mid-week meal that's healthy and delicious, you're in the right place. Tuck in.","Vegetarian"
"https://images.weserv.nl/?url=https://files.mob-cdn.co.uk/recipes/2024/03/Creamy-Green-Halloumi-Chickpea-Filo-Pie.jpg?mtime=1711355210","Creamy Green Halloumi & Chickpea Filo Pie","50 mins","Jodie Nixon","https://images.weserv.nl/?url=https://files.mob-cdn.co.uk/recipes/2023/12/220A8500.jpg?mtime=1702569554","Think a pie's just for winter? Think again. This creamy green halloumi and chickpea filo pie is as refreshing as it is filling. Tuck in.","Vegetarian"
"https://images.weserv.nl/?url=https://files.mob-cdn.co.uk/recipes/2024/04/849A6430-2.jpg?mtime=1732614413","Spring Onion Soy Udon","20 mins","Justin Tsang","https://images.weserv.nl/?url=https://files.mob-cdn.co.uk/files/Justin.jpg?mtime=1714467568","A super simple, sweet soy-glazed noodle dish! The sauce is cooked using the residual heat of the pan – it concentrates the flavour, giving a sweet and salty profile.","Vegetarian"
